target,描述,value,对国家统治影响性质,source,编组
成吉思汗铁木真,铁木真即位号成吉思汗，蒙古汗国建立,4,,改革变法,1
成吉思汗铁木真,成吉思汗进攻西夏，维吾尔降附蒙古,5,,战争交锋,1
成吉思汗铁木真,成吉思汗大举进攻金朝,5,,战争交锋,1
成吉思汗铁木真,成吉思汗西征花剌子模,5,,战争交锋,1
成吉思汗铁木真,成吉思汗西征结束,1,,稳妥整顿,1
拖雷,成吉思汗病逝，幼子拖累监国。蒙古灭西夏,5,,战争交锋,1
窝阔台汗,窝阔台即位,1,,稳妥整顿,1
窝阔台汗,蒙古灭金,5,,战争交锋,1
窝阔台汗,拔都西征俄罗斯，钦察，阔端，阔出征南宋，建立哈喇和林为首都,5,,战争交锋,1
窝阔台汗,拔都西征军政府俄罗斯诸国,5,,战争交锋,1
窝阔台汗,窝阔台卒，皇后乃马真氏，拔都兵分两路攻入马扎尔，渤烈儿，欧洲大震,5,,战争交锋,1
元定宗贵由汗,由贵即位，乌斯藏归附蒙古,1,,稳妥整顿,1
元定宗贵由汗,由贵卒，皇后称制,2,,政治博弈,1
元宪宗蒙哥汗,蒙哥即位大汗，弟弟忽必烈总领漠南汉地为军事长官，旭烈兀西征,5,,战争交锋,1
元宪宗蒙哥汗,忽必烈远征大理，平定其他,5,,战争交锋,1
元宪宗蒙哥汗,旭烈兀灭剌夷国,5,,战争交锋,1
元宪宗蒙哥汗,,5,,战争交锋,1
元宪宗蒙哥汗,旭烈兀灭阿巴斯哈里发王朝，蒙哥亲征南宋,5,,战争交锋,1
元宪宗蒙哥汗,,1,,稳妥整顿,1
元宪宗蒙哥汗,蒙哥死于四川,1,,稳妥整顿,1
元世祖忽必烈,忽必烈即位，阿里不哥即位和林,2,,政治博弈,1
元世祖忽必烈,益都军阀叛乱，败死,5,,战争交锋,1
元世祖忽必烈,加号开平为上都,1,,稳妥整顿,1
元世祖忽必烈,阿里不哥投降归附于忽必烈,5,,战争交锋,1
元世祖忽必烈,蒙古创立新字颁行天下,4,,改革变法,1
元世祖忽必烈,窝阔台后王海都，察合台后王八剌与忽必烈对抗,5,,战争交锋,1
元世祖忽必烈,国号大元,4,,改革变法,1
元世祖忽必烈,大都建立，上都为陪都,5,,战争交锋,1
元世祖忽必烈,元军攻克樊城襄阳,5,,战争交锋,1
元世祖忽必烈,元军攻入都城临安,5,,战争交锋,1
元世祖忽必烈,元军大败大宋余部于崖山，南宋残余势力消灭,5,,战争交锋,1
元世祖忽必烈,远征日本，遭遇台风，几乎全军覆没,5,,战争交锋,1
元世祖忽必烈,镇南王脱欢攻安南，占城，次年败还,5,,战争交锋,1
元世祖忽必烈,,5,,战争交锋,1
元世祖忽必烈,,1,,稳妥整顿,1
元世祖忽必烈,东北宗王造反，败死，欢脱复征安南，仍不利而还,5,,战争交锋,1
元世祖忽必烈,,5,,战争交锋,1
元世祖忽必烈,,1,,稳妥整顿,1
元世祖忽必烈,颁行行政法规《至元新格》意大利旅行家马可波罗经海盗返回欧洲,4,,改革变法,1
元世祖忽必烈,发兵远征爪哇，次年败坏,1,,稳妥整顿,1
元世祖忽必烈,“以征爪哇，暂禁两浙、广东、福建商贾航海者”,4,,改革变法,1
元成宗铁穆耳,即位于上都大安阁,2,,政治博弈,1
元成宗铁穆耳,忽必烈病逝，铁穆耳即位。罗马教廷派遣传教士孟特戈维诺抵达大都传教,1,,稳妥整顿,1
元成宗铁穆耳,海禁结束，成宗诏有司勿拘海舶，听其自便,1,,稳妥整顿,1
元世祖忽必烈,,1,,稳妥整顿,1
元成宗铁穆耳,鏖战正式宣告结束，结束了对海外的战争,1,,稳妥整顿,1
元成宗铁穆耳,《大元大一统志》修成,1,,稳妥整顿,1
元成宗铁穆耳,第二次海禁，以“禁商下海”取消市舶机构开始，到武宗至大元年(1308年)，是由朱清、张瑄贿官事件引发的整顿吏治风潮导致的大德七年关闭市舶司暂行整顿。,4,,改革变法,1
元武宗海山,宫廷流血政变，爱育黎拔力八达监国，海山为皇帝,5,,战争交锋,1
元武宗海山,武宗海山即位,4,,改革变法,1
元成宗铁穆耳,,1,,稳妥整顿,1
元武宗海山,七月，武宗力排众议，下诏重立尚书省，但是也没有做什么大的改革,1,,稳妥整顿,1
元仁宗爱育黎拔力八达,仁宗继位，撤除尚书省，彻底清算旧势力,2,,政治博弈,1
元仁宗爱育黎拔力八达,仁宗爱俞黎拔力八达即位,1,,稳妥整顿,1
元仁宗爱育黎拔力八达,召开行科举,4,,改革变法,1
元仁宗爱育黎拔力八达,毅然恢复了久以停废的科举取士制度,4,,改革变法,1
元仁宗爱育黎拔力八达,十一月，和世瓎行至延安，辅臣教化等欲重夺皇位，于是就和关中重臣阿思罕、塔察儿等相勾 结，调动关中大军，举兵叛乱，准备回攻大都，拥和世瓎登基。然而，当回至河中时，叛军内部发生内讧，叛军不战自溃。,5,,战争交锋,1
元仁宗爱育黎拔力八达,江西蔡五九聚众起事，败死,5,,战争交锋,1
元仁宗爱育黎拔力八达,铁木迭儿为害，太后答己出面，仁宗无法对铁木迭儿治罪，仅夺其印绶，罢其相位,2,,政治博弈,1
元仁宗爱育黎拔力八达,铁木迭儿又改头换面，以太子太师的身份重新登台，因逞私蠹政再遭弹劾，结果仍然是由于太后的缘故而安然无恙， 仁宗的愈益软弱导致他的又一次失利。,2,,政治博弈,1
元英宗硕德八剌,仁宗崩，铁木迭儿复相，开始对那些弹劾他罪状的大臣横加迫害,2,,政治博弈,1
元英宗硕德八剌,岭北行省平章政事阿散、中书平章政事黑驴及御史大夫脱忒 哈、徽政使失烈门等与已故的要束谋的寡妻亦烈失八阴谋废黜英宗，英宗便立刻果断地将这些涉案者全部擒获并诛杀,5,,战争交锋,1
元英宗硕德八剌,英宗硕德八剌即位,2,,政治博弈,1
元英宗硕德八剌,最后一次海禁，四月以英宗“罢市舶司，禁贾人下番”开始，英宗至治二年(1322年)三月，“复置市舶提举司于泉州、庆元、广东、三路。”,4,,改革变法,1
元英宗硕德八剌,新政,4,,改革变法,1
元英宗硕德八剌,铁木迭儿在 失意中死去，“铁木迭儿渐见疏外，以疾死于家。”次月，太皇太后答己亦死去，英宗得以掌控朝政,2,,政治博弈,1
元英宗硕德八剌,,1,,稳妥整顿,1
元英宗硕德八剌,南坡之变（八月五日被杀害）,2,,政治博弈,1
元英宗硕德八剌,至治二年(1322)十二月，铁失以御史大夫、忠翊侍卫亲军都指挥使、左右 卫阿速亲军都指挥使、太医院使，兼领广惠司事，职权范围进一步扩大，贪赃枉法。,2,,政治博弈,1
元泰定帝也孙铁木儿,颁行《大元通制》英宗遇刺。泰定帝也孙铁木儿即位。,2,,政治博弈,1
元泰定帝也孙铁木儿,河南息州赵丑厮，郭菩萨倡言“弥勒佛当有天下”被杀,2,,政治博弈,1
元文宗孛儿只斤·图帖睦尔,文宗天历元年元泰定卒于上郡，大臣燕铁木儿在大都发动政变，拥立文宗即位。,5,,战争交锋,1
元文宗孛儿只斤·图帖睦尔,明宗和世剌即位漠北，不久暴卒，文宗重新即位。,2,,政治博弈,1
元文宗孛儿只斤·图帖睦尔,征书《经世大典》修成,1,,稳妥整顿,1
元宁宗孛儿只斤·懿璘质班,元文宗病卒，宁宗即位,1,,稳妥整顿,1
元顺帝孛儿只斤·妥懽帖睦尔,顺帝即位,1,,稳妥整顿,1
元顺帝孛儿只斤·妥懽帖睦尔,遣使团出使罗马教廷,2,,政治博弈,1
元顺帝孛儿只斤·妥懽帖睦尔,罗马教廷使节马丽诺丽一行抵达上都,2,,政治博弈,1
元顺帝孛儿只斤·妥懽帖睦尔,辽金宋三世修成,1,,稳妥整顿,1
元顺帝孛儿只斤·妥懽帖睦尔,发民工修黄河，白莲教徒刘福通起事，攻克颍州，徐寿辉起兵于锦水,5,,战争交锋,1
元顺帝孛儿只斤·妥懽帖睦尔,郭子兴起兵于濠州,5,,战争交锋,1
元顺帝孛儿只斤·妥懽帖睦尔,张士诚起兵于淮东,5,,战争交锋,1
元顺帝孛儿只斤·妥懽帖睦尔,刘福通立韩林儿为帝国号宋，年号龙凤。郭子兴死，朱元璋继统其众,5,,战争交锋,1
元顺帝孛儿只斤·妥懽帖睦尔,朱元璋攻占集庆为根据地。刘福通兵发三路北伐,5,,战争交锋,1
元顺帝孛儿只斤·妥懽帖睦尔,鄱阳湖之战：涉及元末的军事冲突，展示了元朝末期的内部矛盾和外部挑战。,5,,战争交锋,1
元顺帝孛儿只斤·妥懽帖睦尔,刘福通攻克梁成,5,,战争交锋,1
元顺帝孛儿只斤·妥懽帖睦尔,元军夺回城市，韩林儿，刘福通退至安丰，后败,5,,战争交锋,1
元顺帝孛儿只斤·妥懽帖睦尔,徐寿辉为部将陈友谅所杀,5,,战争交锋,1
元顺帝孛儿只斤·妥懽帖睦尔,陈友谅与朱元璋大战于鄱阳湖，陈友谅败死。,5,,战争交锋,1
元顺帝孛儿只斤·妥懽帖睦尔,朱元璋攻克徐州，俘虏张士诚，命令常遇春，徐达统军北伐,5,,战争交锋,1
元顺帝孛儿只斤·妥懽帖睦尔,明太祖朱元璋称帝，国号大明为洪武元年，明军平定附件，两广。派遣军队北伐，攻占大都逃，顺帝弃城北逃，元朝灭亡,5,,战争交锋,1
,,0,,成吉思汗铁木真,1
,,0,,元宁宗孛儿只斤·懿璘质班,1
,,0,,拖雷,1
,,0,,窝阔台汗,1
朝廷礼遇僧人,“世祖在潜邸，海云禅师被召，过云中，闻其（引者按：刘秉忠）博学多材艺，邀与俱行。既入见，应对称旨，屡承顾问,1,正面,元世祖忽必烈,2
朝廷礼遇僧人,“戊申（1248），定宗诏住和林兴国。,1,正面,元定宗贵由汗,2
朝廷礼遇僧人,“戊申（1248），定宗诏住和林兴国。未期月，宪宗诏诣帐殿，奏对称旨，俾总领释教，授都僧省之符”,1,正面,元宪宗蒙哥汗,2
朝廷礼遇僧人,当忽必烈汗驻在六盘山之时，凉州大王蒙哥都与八思巴一起前去会见忽必烈，十分欢喜，王子忽必烈赠给凉州大王蒙古马军一百去迎请萨迦人，八思巴给忽必烈汗灌顶，由此建立了施主与福田的关系,1,正面,元世祖忽必烈,2
任命僧官,“颁降恩诏，顾遇优渥，命师（引者按：海云禅师）复领天下僧事，蠲免差役，悉依旧制”,3,正面,元宪宗蒙哥汗,2
任命僧官,宪宗时更是被任命为“都僧省”一职，此职是正式的僧官,3,正面,元宪宗蒙哥汗,2
朝廷礼遇僧人,岁癸丑 （1253） ，年十有五，谒世祖于潜邸，与语大悦，日见亲礼”,1,正面,元世祖忽必烈,2
佛事活动,蒙哥汗下诏令佛教选举一位精通儒释道及三教九流的大德高僧记录这件事佛道论争和焚毁道教经书经版事件，滦州开觉寺祥迈长老奉敕命编纂，且祥迈亲自参与了这次论争大会。,3,正面,元宪宗蒙哥汗,2
毁失梵刹,道士丘处机李志常等毁西京天城夫子庙为文城观，毁灭释迦佛像白玉观音舍利宝塔，谋占梵刹四百八十二所,5,负面,元宪宗蒙哥汗,2
朝廷礼遇僧人,蒙哥迎请到噶举派首领噶玛拔希,1,正面,元宪宗蒙哥汗,2
佛事活动,戊午之辩，忽必烈奉蒙哥之命召集佛、道代表十七人于开平进行大辩论，争论的中心是《老子化胡经》的真伪,3,正面,元世祖忽必烈,2
还寺于僧,宪宗下诏令全真教归还侵占的寺院200余处,3,正面,元宪宗蒙哥汗,2
朝廷礼遇僧人,“庚申（1260），世祖即祚，因辩论伪经驰日以闻，火其书，仍袭爵，赐光宗正法之号”,1,正面,元世祖忽必烈,2
给田于寺,给庆寿、海云二寺地五百顷,3,中性,元世祖忽必烈,2
机构设废,设置中央级的僧务机构＂释教总统所”,3,中性,元世祖忽必烈,2
机构设废,设立元代设立最早的僧官机构——释教总统所,5,中性,元世祖忽必烈,2
机构设废,创设管理全国佛教事务和吐蕃地区军政事务的行政机构——总制院,5,正面,元世祖忽必烈,2
任命僧官,子聪还俗，被世祖赐名秉忠，拜光禄大夫、太保，参领中书政事，同知枢密院事。,3,正面,元世祖忽必烈,2
任命僧官,诏谕总统所： “僧人通五大部经者为中选，以有德业者为州郡僧录、判、正副都纲等官，仍于各路设三学讲、三禅会。 ,3,中性,元世祖忽必烈,2
任命僧官,至元三年（1266）四月庚午，“诏以僧机为总统，居广寿寺”,2,中性,元世祖忽必烈,2
任命僧官,宝集寺“一传而为领释教都总统、传戒三学都坛主行秀，再传而为领诸路释教都总统、三学都坛主圆明，继以领释教都总统、开内三学都坛主、开府仪同三司、光禄大夫大司徒国公知拣”宝集寺属于华严宗，其中三代住持均领任释教都总统的职位。,3,中性,元世祖忽必烈,2
任命帝师,,5,正面,元世祖忽必烈,2
建皇家寺院,兴建大护国仁王寺,3,中性,元世祖忽必烈,2
建皇家寺院,建大圣寿万安寺（白塔寺）,3,中性,元世祖忽必烈,2
任命帝师,,5,正面,元世祖忽必烈,2
任命僧官,阿鲁浑萨理至元十二年，入为释教都总统，拜正议大夫、同知总制院事，加资德大夫、统制使。,2,中性,元世祖忽必烈,2
任命僧官, 二月诏以僧亢吉祥、怜真加加瓦并为江南总摄，掌释教，除僧租赋，禁扰寺宇者,3,中性,元世祖忽必烈,2
佛事活动,六月甲辰，五台山作佛事；,3,中性,元世祖忽必烈,2
佛事活动,秋七月癸酉，命散都修佛事十有五日；,3,中性,元世祖忽必烈,2
佛事活动,十二月丁酉， “帝师亦怜真卒，敕诸国教师禅师百有八人，即大都万安寺设斋圆戒、赐衣”,3,中性,元世祖忽必烈,2
任命僧官,仍赞大元帝师、大元国师、檐巴上师、江淮诸路释教都总摄扶宗弘教大师行吉祥、江淮诸路释教都总摄永福大师杨琏真伽,2,中性,元世祖忽必烈,2
机构设废,三月 “乙卯，立都功德使司，从二品，掌奏帝师所统僧人并吐番军民等事”,3,中性,元世祖忽必烈,2
罢免僧官,十一月“罢都功德使脱烈，其修设佛事妄费官物，皆徵还之,2,正面,元世祖忽必烈,2
任命帝师,,5,中性,元世祖忽必烈,2
机构设废,真金太子的专属机构詹事院设立延庆司，负责宗教活动,2,中性,元世祖忽必烈,2
建皇家寺院,九月，“以江南总摄杨琏真伽发宋陵冢所收金银宝器修天衣寺”,3,负面,元世祖忽必烈,2
僧人恶行,十二月朝廷采取措施“江南官田为权豪寺观欺隐者多，宜免其积年收入，限以日期听人首实。逾限为人所告者征之，以其半给告身”，但仍未取得很好成效。,3,负面,元世祖忽必烈,2
佛事活动,江南释教都总统永福大师杨琏真伽曾在江南大力发展喇嘛教的弘化活动,2,中性,元世祖忽必烈,2
还寺于僧,春正月“以江南废寺田土为人占据者，悉付总统杨琏真加修寺”,3,正面,元世祖忽必烈,2
任命帝师,,5,中性,元世祖忽必烈,2
机构设废,总制院改称宣政院，扩大管理职权，且在各路设行宣政院，代替了功德司的事务。僧官如僧录、僧正、僧纲等，也都由宣政院管辖。,5,中性,元世祖忽必烈,2
建皇家寺院,二月“江淮总摄杨琏真伽言以宋宫室为塔一，为寺五，已成，诏以水陆地一百五十顷养之”,3,负面,元世祖忽必烈,2
任命僧官,改释教总制院为宣政院，秩从一品，印用三台，以尚书右丞相桑哥兼宣政使,2,负面,元世祖忽必烈,2
任命僧官,领宣政院使,2,中性,元世祖忽必烈,2
僧人恶行,贵价入，当刑者免，求爵者得，纲纪大坏，人心惊骇,3,负面,元世祖忽必烈,2
机构设废,晋王内史府设立延庆司，负责宗教活动,2,中性,元世祖忽必烈,2
罢免僧官,二十八年春，桑哥为人所劾，下狱处死。,2,正面,元世祖忽必烈,2
机构设废,九月丙午，“立行宣政院，治杭州”,2,正面,元世祖忽必烈,2
机构设废,二月癸酉， “以陇西四川总摄辇真术纳思为诸路释教都总统”，它的管辖范围是陕西行省、四川行省。,2,正面,元世祖忽必烈,2
任命帝师,,5,中性,元世祖忽必烈,2
僧人恶行,杭州等处寺院报告说寺院私度贿赂成风，僧徒“多不谙经教，不识斋戒，不曾谙练寺务”,3,负面,元世祖忽必烈,2
机构迁移,行宣政院迁院杭州,3,中性,元世祖忽必烈,2
明令纳税,曾命僧寺之邸店、商贾舍止（旅馆），其货物照章纳税(《元史》卷十七),3,正面,元世祖忽必烈,2
机构设废,六月“诏罢功德使司及泉府司官冗员”,3,正面,元世祖忽必烈,2
任命僧官,从阿老瓦丁、燕公楠之请，以杨琏真加子宣政院使暗普为江浙行省左丞,2,中性,元成宗铁穆耳,2
任命僧官,拜荣禄大夫、宣政使，佩三珠虎符，领吐蕃宣慰使,2,中性,元成宗铁穆耳,2
任命僧官,任御史台与宣政院使,2,中性,元成宗铁穆耳,2
民间私刻藏经,宋末创刻未完的碛砂版藏经继续雕刻，共六千三百余卷。,2,中性,元成宗铁穆耳,2
任命僧官,授荣禄大夫宣政使领延庆使,1,中性,元成宗铁穆耳,2
僧人恶行,发布禁权豪僧道擅据矿炭山的命令（《元史·成宗纪》）,3,负面,元成宗铁穆耳,2
僧人恶行,四月， “太原路脱脱禾孙言本路站赤……比年铺马损毙，站户穷困，其西番僧使驰驮，重者二三百斤，轻者不下百五十斤”,3,负面,元成宗铁穆耳,2
僧人恶行,十二月戊戌，中书省臣同河南平章孛罗欢等曾奏“富户规避差税冒为僧道，且僧道作商贾有妻子与编氓无异，请汰为民”,3,负面,元成宗铁穆耳,2
给田于寺,皇太后颁布懿旨，遣使至真定府僧录司开读，将祁林院一宗田地分付与五台山寿宁寺,3,中性,元成宗铁穆耳,2
机构设废,诏＂罢江南诸路释教总统所。”,3,正面,元成宗铁穆耳,2
僧人恶行,九月， “中书参知政事马哈麻等，赍奉诏书巡行各路民间疾苦，据保定等八路，言道居冲要，驿程每遇各省，及西番僧使进纳官物，必经所属接运……起运去往，资费每辆用钞二三百两，官定脚钱端实不敷……扰民为甚”。（运送布施添负担）,3,负面,元成宗铁穆耳,2
给田于寺,给兴教寺地一百二十顷，上都乾元寺地九十顷，万安寺地六百顷，南寺地百二十顷,3,中性,元成宗铁穆耳,2
民间私刻藏经,松江府僧录管主八刻成西河字(西夏文)大藏经版一副，共三千六百二十卷，并印施三十余部于各地。,3,中性,元成宗铁穆耳,2
制度改革,正月二十日“……又通政院官奏诸僧使臣每将重物装乘以致铺马例毙，乞依旧制驰驮一百斤以上者，不许装载，奉旨可，令宣政院各分拣之……是月陕西行省言诸官府，及西番给驿频数，驮物太重，今后请禁止滥给铺马……令宣政院官分拣之”,3,正面,元成宗铁穆耳,2
制度改革,正月颁布了“自今僧官、僧人犯罪，御史台与内外宣政院同鞠，宣政院徇情不合者，听御史台治之”的诏令开始，宣政院有了司法权。,3,正面,元成宗铁穆耳,2
任命僧官,任宣政院使,2,中性,元成宗铁穆耳,2
释放重囚,大德七年（1303）四月，中书左丞相答剌罕严正抨击了其弊端：“僧人修佛事毕，必释重囚。有杀人及妻妾杀夫者，皆指名释之。生者苟免，死者负冤，于福何有”？,3,负面,元成宗铁穆耳,2
制度改革,大德七年（1303）九月丙子， “罢僧官有妻者”,3,正面,元成宗铁穆耳,2
机构设废, 再立功德司，遂增至五百有余,3,中性,元成宗铁穆耳,2
任命帝师,,5,中性,元成宗铁穆耳,2
建皇家寺院,建天寿万宁寺,3,中性,元成宗铁穆耳,2
任命帝师,,5,中性,元成宗铁穆耳,2
佛事活动,十二月“丙辰，遣宣政院使沙的等祷于太庙”,2,中性,元成宗铁穆耳,2
民间私刻藏经,松江府僧录管主八从弘法寺大藏中选出南方各种藏经刻版所缺之秘密经类等，刻成二十八函，约三百一十五卷，以为普宁寺版和碛砂版的补充。,3,中性,元成宗铁穆耳,2
僧人恶行,西番节续差来西僧八百五十余人，计乘铺马一千五百四十七匹，至甚频数*铺马来贩运私货盈利）,3,负面,元成宗铁穆耳,2
任命僧官,七月“遣肥儿牙儿迷的里及铁胳胆诣西域取佛钵、舍利，肥儿牙儿迷的里遥授宣政使，铁胳胆遥授平章政事”,2,中性,元武宗海山,2
任命僧官,六月，武宗以中书平章脱虎脱为江西行省平章政事。,2,中性,元武宗海山,2
朝廷礼遇僧人,以中禅师府尹以其道行及济人利物之功奏于行宣政院，布达朝廷，被武宗降玺书褒奖,1,正面,元武宗海山,2
建皇家寺院,建大承华普庆寺（西城区新街口南大街163号）,3,中性,元武宗海山,2
建皇家寺院,十一月“摘军六千五百人供其役”，为皇太后造寺五台山。,3,负面,元武宗海山,2
僧人恶行,“上都开元寺西僧强市民薪，民诉诸留守李璧方询问其由，僧已率其党执白梃突入公府，隔案引璧发，捽诸地，捶扑交下，拽之以归，闭诸空室，久乃得脱”,3,负面,元武宗海山,2
寺院管理,“改护国仁王寺昭应规运总管府为会福院，秩从二品”,2,中性,元武宗海山,2
任命僧官,任职功德使都事,2,中性,元武宗海山,2
民间私刻藏经,蒙、藏文大藏经亦于武宗至大年间(1308—1311)由嘉漾在内地和西藏地区分别刻成版片，但印本久佚。,2,中性,元武宗海山,2
僧人恶行,“有僧龚柯等十八人与诸王合儿八剌妃忽图赤的斤争道，拉妃堕车殴之，且有犯上等语，事闻，诏释不问”,3,负面,元武宗海山,2
机构设废,三月，“立湖广头陀禅录司” ,2,中性,元武宗海山,2
建皇家寺院,建崇恩福元寺,3,中性,元武宗海山,2
建皇家寺院,正月“营五台寺，役工匠千四百人，军三千五百人”,3,负面,元武宗海山,2
民间私刻藏经,宋末创刻未完的碛砂版藏经继续雕刻，共六千三百余卷。,2,中性,元武宗海山,2
寺院管理,“立规运都总管府，秩正三品，领大崇恩福元寺钱粮，置提举司、资用库、大益仓隶之”,2,中性,元武宗海山,2
官方经营,至大四年（1311）正月十六日詹事院官月鲁帖木儿特奉皇太子令旨，在先薛禅皇帝时分但属系官的并寺院的山场里出产的柴炭每，诸王驸马官员权豪人等，倚着圣旨里与了也,5,正面,元仁宗爱育黎拔力八达,2
机构设废,还罢总统所及各处僧录、僧正、都纲司，凡僧人诉讼，悉归有司，将掌管皇太子的宗教活动的延庆司并入了功德使司。,3,正面,元仁宗爱育黎拔力八达,2
机构设废,二月，复玉宸乐院为仪凤司，改延庆司为都功德使司，省汰机构,3,正面,元仁宗爱育黎拔力八达,2
机构设废,二月申寅“罢江南行通政院、行宣政院”,3,正面,元仁宗爱育黎拔力八达,2
任命僧官,有军事才华，“封李孟秦国公，命亦怜真乞剌思为司徒”,1,中性,元仁宗爱育黎拔力八达,2
僧人恶行,至大四年（1311）六月，赤城驿言，瑞云寺有西温汤，凡遇诸王、后妃、公主、驸马、西僧朝省、内外出使人员到驿枉道澡浴，多支分例，损毙铺马，虽经禁约，重无畏惮”,3,负面,元仁宗爱育黎拔力八达,2
制度改革,二月“禁宣政院违制度僧”（针对此类不法现象和僧官机构的不作为，朝廷直接诏罢僧官衙门）,3,正面,元仁宗爱育黎拔力八达,2
给田于寺,给大普庆寺田八万亩，邸店四百间，崇福寺河南地百顷，上都开元寺江浙田二百顷，普庆寺山东益都田七十顷,3,中性,元仁宗爱育黎拔力八达,2
建皇家寺院,皇庆元年（1312）夏四月“修香山永安寺，给钞一万锭”,3,中性,元仁宗爱育黎拔力八达,2
官方校勘藏经,命翻译诸梵经典,2,正面,元仁宗爱育黎拔力八达,2
任命帝师,,5,正面,元仁宗爱育黎拔力八达,2
佛事活动,延祐元年（1314）去世，陈萍应在延祐元年之后一起护送已故两位帝师舍利，并承担建舍利塔及其佛事工作。,1,中性,元仁宗爱育黎拔力八达,2
民间建寺,浙民吴机以累代失业之田卖于司徒刘夔，夔赂宣政使八剌吉思买置诸寺,2,负面,元仁宗爱育黎拔力八达,2
民间私刻藏经,在建阳县发起开雕毗卢大藏，得到当时福建行省长官亦黑迷失的赞助，担任了劝缘主，但只刻成《般若》、《宝积》、《华严》、《涅槃》四大部，今福州鼓山和山西太原崇善寺还存有它的一些印本。,2,中性,元仁宗爱育黎拔力八达,2
任命帝师,,5,中性,元仁宗爱育黎拔力八达,2
任命僧官,七月，诏谕中外，命右丞相铁木迭儿总宣政院事。十月，进位太师,2,负面,元仁宗爱育黎拔力八达,2
任命僧官,宣政院事，以其子八思吉思为之使,2,负面,元仁宗爱育黎拔力八达,2
机构设废,延祐二年（1315）正月，“置大圣寿万安寺都总管府，秩正三品”,2,中性,元仁宗爱育黎拔力八达,2
机构设废,于山西五台山灵鹫寺置铁冶提举司（《元史·仁宗纪》二）,2,中性,元仁宗爱育黎拔力八达,2
朝廷礼遇僧人,“遣参军赍文书，叙弟子礼，期请上命，南来参叩”（中峰明本）,1,正面,元仁宗爱育黎拔力八达,2
机构设废,立行宣政院于杭州，设官八员,3,中性,元仁宗爱育黎拔力八达,2
建皇家寺院,建大永福寺和大昭寺（黑塔寺）,3,中性,元仁宗爱育黎拔力八达,2
任命僧官,任宣政使,2,中性,元仁宗爱育黎拔力八达,2
建皇家寺院,建寿安山佛寺,3,中性,元英宗硕德八剌,2
任命帝师,,5,中性,元英宗硕德八剌,2
任命僧官,以知枢密院事钦察台为宣政院使,2,中性,元英宗硕德八剌,2
任命僧官,苏天爵服孝期满，重新上任，调功德使司照磨。功德使司照磨一职，主要负责僧道管理部门的收支审计事务。,2,中性,元英宗硕德八剌,2
佛事活动,敕都功德使阔儿鲁至京师，释囚大辟三十一人，杖五十七以上者六十九人，放笼禽十万，令有司偿其直（违法犯罪者借机脱罪，危害更深）,3,负面,元英宗硕德八剌,2
民间私刻藏经,宋末创刻未完的碛砂版藏经继续雕刻，共六千三百余卷。,2,中性,元英宗硕德八剌,2
任命僧官,九月“旭迈杰为宣政院使”,2,中性,元泰定帝也孙铁木儿,2
任命僧官,十二月“倒剌沙为中书左丞相，知枢密院事马某沙、御史大夫纽泽、宣政院使锁秃并加授光禄大夫”,3,中性,元泰定帝也孙铁木儿,2
机构设废,“罢哈思的结鲁思伴卜总统所，更置临洮总管府”,3,正面,元泰定帝也孙铁木儿,2
任命僧官,三月“以四川行中书省平章政事囊加台兼宣政院使，往征西番寇参卜郎”,2,中性,元泰定帝也孙铁木儿,2
任命僧官,升任中书右丞,3,中性,元泰定帝也孙铁木儿,2
任命僧官,命为诸国引进使,2,中性,元泰定帝也孙铁木儿,2
建皇家寺院,建殊祥寺,3,中性,元泰定帝也孙铁木儿,2
僧人恶行,西台御史李昌言：尝经平凉府、静、会、定西等州，见西番僧佩金字圆符，络绎道途，驰骑累百，传舍至不能容，则假馆民舍，因迫逐男子，奸污女妇。,3,负面,元泰定帝也孙铁木儿,2
佛事活动,三月甲子，“命功德使司简岁修佛事一百三十七”,1,中性,元泰定帝也孙铁木儿,2
机构设废,八月甲午，罢行宣政院及功德使司，免武备寺逋负兵器，此次罢废功德使司的原因可能是与僧人的不法活动和佛事频繁且开支与日俱增有关。,3,正面,元泰定帝也孙铁木儿,2
建皇家寺院,建天源延圣寺,3,中性,元泰定帝也孙铁木儿,2
任命帝师,,3,中性,元泰定帝也孙铁木儿,2
任命僧官,拜陜西行台治书侍御史……又转都功德使，改宣政使”，关陕大饥，赈贷有不及者，尽出私财以周贫民，所活甚众。,3,正面,元泰定帝也孙铁木儿,2
朝廷礼遇僧人,即遣前河南行省参知政事明里董阿、前宣政使答里麻失里，驰驿迎帝于江陵”,1,正面,元文宗孛儿只斤·图帖睦尔,2
建皇家寺院,建大承天护圣寺,3,中性,元文宗孛儿只斤·图帖睦尔,2
任命僧官,任宣政院使,2,中性,元文宗孛儿只斤·图帖睦尔,2
任命僧官,任宣政院使,2,中性,元文宗孛儿只斤·图帖睦尔,2
任命僧官,任宣政院使,2,中性,元文宗孛儿只斤·图帖睦尔,2
任命僧官,任宣政院使,2,中性,元文宗孛儿只斤·图帖睦尔,2
佛事活动,“佛事岁费，以今教旧，增多金千一百五十两，银六千二百两，钞五万六千二百锭，币帛三万四千余匹”,3,负面,元文宗孛儿只斤·图帖睦尔,2
机构设废,十一月， “罢功德使司，以所掌事归宣政院”，可能是泰定三年（1326）的政策没有很好的执行,3,正面,元文宗孛儿只斤·图帖睦尔,2
机构设废,西夏僧总统封国公冲卜卒，其弟监藏班臧卜袭职,2,中性,元文宗孛儿只斤·图帖睦尔,2
建皇家寺院,建大龙翔集庆寺（天界寺）,3,中性,元文宗孛儿只斤·图帖睦尔,2
寺院管理,天历二年（1329）八月“置隆祥总管府，秩正三品，总建大承天护圣寺工役”,2,中性,元文宗孛儿只斤·图帖睦尔,2
制度改革,“天下僧道有妻者，皆令为民”,3,正面,元文宗孛儿只斤·图帖睦尔,2
官方经营,闻蔚州广灵县地产银矿，文宗即令中书太禧院派人经营，而以其所得归大承天护圣寺（《元史·文宗纪》三）。,5,正面,元文宗孛儿只斤·图帖睦尔,2
任命帝师,,3,中性,元文宗孛儿只斤·图帖睦尔,2
机构设废,撤销行宣政院，另于全国设立广教总管府十六所，掌管各地僧尼事务。,5,中性,元文宗孛儿只斤·图帖睦尔,2
任命帝师,,2,中性,元文宗孛儿只斤·图帖睦尔,2
任命僧官,五月，封宣政使脱因为蓟国公,2,中性,元文宗孛儿只斤·图帖睦尔,2
机构设废,三月“己丑，复立功德使司”,2,中性,元文宗孛儿只斤·图帖睦尔,2
任命僧官,十月“宣政使阔里吉思为中书左丞”,3,中性,元文宗孛儿只斤·图帖睦尔,2
任命僧官,乙酉，以西僧加瓦藏卜、蘸八儿监藏并为乌思藏土蕃等处宣慰使都元帅。,3,正面,元顺帝孛儿只斤·妥懽帖睦尔,2
机构设废,罢广教总管府，复立行宣政院,3,中性,元顺帝孛儿只斤·妥懽帖睦尔,2
任命僧官,伯颜“继领太禧宗禋院、中政院、宣政院、隆祥使司、宫相诸内府，总领蒙古、钦察、斡罗思诸卫亲军都指挥使”,3,中性,元顺帝孛儿只斤·妥懽帖睦尔,2
任命僧官,十二月“命宣政使末吉以司徒就第”,2,中性,元顺帝孛儿只斤·妥懽帖睦尔,2
任命僧官,三月“以汪家奴为宣政院使，加金紫光禄大夫”,2,中性,元顺帝孛儿只斤·妥懽帖睦尔,2
机构设废,五月甲寅，“西番贼起，杀镇西王子党兀班。立行宣政院，以也先帖木儿为院使，往讨之”，西番事态比较严重时，才设立西藏行宣政院,4,正面,元顺帝孛儿只斤·妥懽帖睦尔,2
任命僧官,正月“以宣政院使不兰奚年七十致仕，授大司徒，给全俸终身”,2,中性,元顺帝孛儿只斤·妥懽帖睦尔,2
任命僧官,“累拜中书平章政事、大司徒、宣政院使”,2,中性,元顺帝孛儿只斤·妥懽帖睦尔,2
佛事活动,以中禅师被江南行宣政院举荐，于浙江舟山隆教禅寺开堂,2,正面,元顺帝孛儿只斤·妥懽帖睦尔,2
任命僧官,闰月，以脱脱领宣政院事,2,中性,元顺帝孛儿只斤·妥懽帖睦尔,2
任命僧官,“拜光禄大夫、御史大夫，尽迁中外廉能之官置诸风宪，一时号称得人。迁宣政院使，出为甘肃行省平章政事”,2,中性,元顺帝孛儿只斤·妥懽帖睦尔,2
任命僧官,“十月迁宣政院使，明年拜江南行台御史大夫”,2,中性,元顺帝孛儿只斤·妥懽帖睦尔,2
任命僧官,七月以“韩加讷为宣政院使”,2,中性,元顺帝孛儿只斤·妥懽帖睦尔,2
任命僧官,八月以“河南行省平章政事月鲁不花为宣政院使”,2,中性,元顺帝孛儿只斤·妥懽帖睦尔,2
建皇家寺院,建清河大寿元忠国寺,3,中性,元顺帝孛儿只斤·妥懽帖睦尔,2
任命僧官,升任中书平章政事,2,中性,元顺帝孛儿只斤·妥懽帖睦尔,2
任命帝师,,2,中性,元顺帝孛儿只斤·妥懽帖睦尔,2
任命僧官,二月壬戌， “以宣政院使笃怜帖木儿知经筵事”,1,中性,元顺帝孛儿只斤·妥懽帖睦尔,2
任命僧官,任宣政院使,2,中性,元顺帝孛儿只斤·妥懽帖睦尔,2
任命僧官,十二月丙申，以“宣政院使哈麻、永昌宣慰锁南班并为中书平章政事，进阶光禄大夫”,2,中性,元顺帝孛儿只斤·妥懽帖睦尔,2
任命僧官,以答儿麻监藏遥授陕西平章政事，实授行宣政院使，整治西番人民,3,正面,元顺帝孛儿只斤·妥懽帖睦尔,2
任命僧官,九月“宣政院使蛮子提调裕宗、英宗影堂祭祀”,1,中性,元顺帝孛儿只斤·妥懽帖睦尔,2
任命僧官,“奏除宣政使，而以其弟雪为御史大夫，桑殊失所望”,2,中性,元顺帝孛儿只斤·妥懽帖睦尔,2
任命僧官,七月乙酉， “命右丞相搠思监领宣政院事”,2,中性,元顺帝孛儿只斤·妥懽帖睦尔,2
朝廷礼遇僧人,以中禅师应浙江行省左丞相达识帖睦儿之请住径山兴圣万寿禅寺,1,正面,元顺帝孛儿只斤·妥懽帖睦尔,2
任命僧官,“又宣政院使脱欢，与之（引者按：朴不花）同恶相济，为国大蠹”,3,负面,元顺帝孛儿只斤·妥懽帖睦尔,2
任命帝师,,2,中性,元顺帝孛儿只斤·妥懽帖睦尔,2
任命僧官,会皇太子抚军冀宁，承制拜朴赛因不花翰林学士承旨，迁集贤大学士，又为宣政院使，遂拜中书平章政事,2,中性,元顺帝孛儿只斤·妥懽帖睦尔,2
建皇家寺院,建大觉海寺,3,中性,元顺帝孛儿只斤·妥懽帖睦尔,2
支持战事,夏五月癸未，“福建行宣政院以废寺钱粮由海道送京师”,4,正面,元顺帝孛儿只斤·妥懽帖睦尔,2
支持战事,十二月庚午“大明兵由海道取福州，守臣平章政事曲出道，行宣政院朶耳死之”,4,正面,元顺帝孛儿只斤·妥懽帖睦尔,2
给田于寺,据大略统计，自世祖中统二年(1261)到至正七年(1347)，前后共给寺田三千二百八十六万一千亩(《续文献通考》卷六)。这些寺院土地的主管机构是太禧宗禋院。,15,中性,元顺帝孛儿只斤·妥懽帖睦尔,2
民间私刻藏经,募刻了大藏经版一副，约六千卷，此即通称的普宁寺本。,10,中性,元顺帝孛儿只斤·妥懽帖睦尔,2
官方校勘藏经,召集汉藏大德僧人学士等对勘汉藏两种大藏经的异同，编成《至元法宝勘同总录》十卷,15,中性,元顺帝孛儿只斤·妥懽帖睦尔,2
僧人恶行,太原路、大都路、江浙、福建、云南、四川、甘肃、陕西、河北、乌思藏、朵甘思、脱思麻等处驿站皆被影响，以至于驿站难以维系，还要靠朝廷依例接济，“就于宣政院所辖西番课程钱物内，斟酌增给……宣政院官暗普等言，前站重困，非增多赈济不可”,10,负面,元顺帝孛儿只斤·妥懽帖睦尔,2
